{
   "mars" : {
      "mass" : 6.4189999999999996e+23,
      "position" : {
         "x" : 227900000000,
         "y" : 0
      },
      "radius" : 3390000,
      "star" : false,
      "velocity" : {
         "x" : 0,
         "y" : 24100
      }
   },
   "sun" : {
      "mass" : 1.9889999999999999e+30,
      "position" : {
         "x" : 0,
         "y" : 0
      },
      "radius" : 695700000,
      "star" : 1,
      "velocity" : {
         "x" : 0,
         "y" : 0
      }
   }
} 